"","ItinID","Coupons","Year","Quarter","Origin","OriginAirportID","OriginAirportSeqID","OriginCityMarketID","OriginCountry","OriginStateFips","OriginState","OriginStateName","OriginWac","RoundTrip","OnLine","DollarCred","FarePerMile","RPCarrier","Passengers","ItinFare","BulkFare","Distance","DistanceGroup","MilesFlown","ItinGeoType"
"1",200118,4,2001,1,"ABQ",10140,1014001,30140,"US","35","NM","New Mexico",86,1,0,1,0.0573,"AA",1,204,0,3558,8,3558,2
"2",200119,4,2001,1,"ABQ",10140,1014001,30140,"US","35","NM","New Mexico",86,1,0,1,0.1105,"AA",1,360,0,3255,7,3255,2
"3",2001110,4,2001,1,"ABQ",10140,1014001,30140,"US","35","NM","New Mexico",86,1,0,1,0,"AA",1,0,0,3960,8,3647,2
"4",2001111,3,2001,1,"ABQ",10140,1014001,30140,"US","35","NM","New Mexico",86,1,1,1,0.0843,"AA",1,331,0,3926,8,3926,2
"5",2001112,1,2001,1,"ABQ",10140,1014001,30140,"US","35","NM","New Mexico",86,0,1,1,0.4913,"AA",1,970,0,1974,4,1974,2
"6",2001113,1,2001,1,"ABQ",10140,1014001,30140,"US","35","NM","New Mexico",86,0,1,1,0,"AA",1,0,0,1974,4,1974,2
"7",2001114,1,2001,1,"ABQ",10140,1014001,30140,"US","35","NM","New Mexico",86,0,1,1,0.116,"AA",1,229,0,1974,4,1974,2
"8",2001115,2,2001,1,"ABQ",10140,1014001,30140,"US","35","NM","New Mexico",86,1,1,1,0.0574,"AA",1,227,0,3948,8,3948,2
"9",2001116,2,2001,1,"ABQ",10140,1014001,30140,"US","35","NM","New Mexico",86,1,1,1,0.0721,"AA",1,285,0,3948,8,3948,2
"10",2001117,2,2001,1,"ABQ",10140,1014001,30140,"US","35","NM","New Mexico",86,1,1,1,0.0747,"AA",1,295,0,3948,8,3948,2
"11",2001118,2,2001,1,"ABQ",10140,1014001,30140,"US","35","NM","New Mexico",86,1,1,1,0.0797,"AA",2,315,0,3948,8,3948,2
"12",2001119,2,2001,1,"ABQ",10140,1014001,30140,"US","35","NM","New Mexico",86,1,1,1,0.0848,"AA",1,335,0,3948,8,3948,2
"13",2001120,2,2001,1,"ABQ",10140,1014001,30140,"US","35","NM","New Mexico",86,1,1,1,0.0904,"AA",1,357,0,3948,8,3948,2
"14",2001121,2,2001,1,"ABQ",10140,1014001,30140,"US","35","NM","New Mexico",86,1,1,1,0.0997,"AA",1,394,0,3948,8,3948,2
"15",2001122,2,2001,1,"ABQ",10140,1014001,30140,"US","35","NM","New Mexico",86,1,1,1,0.1005,"AA",2,397,0,3948,8,3948,2
"16",2001123,2,2001,1,"ABQ",10140,1014001,30140,"US","35","NM","New Mexico",86,1,1,1,0.1279,"AA",1,505,0,3948,8,3948,2
"17",2001124,2,2001,1,"ABQ",10140,1014001,30140,"US","35","NM","New Mexico",86,1,1,1,0.2102,"AA",1,830,0,3948,8,3948,2
"18",2001125,4,2001,1,"ABQ",10140,1014001,30140,"US","35","NM","New Mexico",86,1,0,1,0.1098,"AA",1,478,0,4350,9,4350,2
"19",2001126,4,2001,1,"ABQ",10140,1014001,30140,"US","35","NM","New Mexico",86,1,0,1,0,"AA",1,0,0,4310,9,4310,2
"20",2001127,5,2001,1,"ABQ",10140,1014001,30140,"US","35","NM","New Mexico",86,1,0,1,0,"AA",1,0,0,4321,9,4321,2
"21",2001128,6,2001,1,"ABQ",10140,1014001,30140,"US","35","NM","New Mexico",86,1,0,1,0.1359,"AA",1,600,0,4412,9,4412,2
"22",2001129,3,2001,1,"ABQ",10140,1014001,30140,"US","35","NM","New Mexico",86,1,1,1,0.0523,"AA",2,215,0,4105,9,4105,2
"23",2001130,3,2001,1,"ABQ",10140,1014001,30140,"US","35","NM","New Mexico",86,1,1,1,0.0628,"AA",1,258,0,4105,9,4105,2
"24",2001131,3,2001,1,"ABQ",10140,1014001,30140,"US","35","NM","New Mexico",86,1,1,1,0.0774,"AA",1,318,0,4105,9,4105,2
"25",2001132,3,2001,1,"ABQ",10140,1014001,30140,"US","35","NM","New Mexico",86,1,1,1,0.0911,"AA",1,374,0,4105,9,4105,2
"26",2001133,3,2001,1,"ABQ",10140,1014001,30140,"US","35","NM","New Mexico",86,1,1,1,0.0974,"AA",1,400,0,4105,9,4105,2
"27",2001134,3,2001,1,"ABQ",10140,1014001,30140,"US","35","NM","New Mexico",86,1,1,1,0.1222,"AA",1,502,0,4105,9,4105,2
"28",2001135,3,2001,1,"ABQ",10140,1014001,30140,"US","35","NM","New Mexico",86,1,1,1,0.1237,"AA",2,508,0,4105,9,4105,2
"29",2001136,3,2001,1,"ABQ",10140,1014001,30140,"US","35","NM","New Mexico",86,1,1,1,0.3524,"AA",1,1447,0,4105,9,4105,2
"30",2001137,3,2001,1,"ABQ",10140,1014001,30140,"US","35","NM","New Mexico",86,1,1,1,0.456,"AA",1,1872,0,4105,9,4105,2
"31",2001138,3,2001,1,"ABQ",10140,1014001,30140,"US","35","NM","New Mexico",86,0,1,1,0.124,"AA",1,512,0,4128,9,4128,2
"32",2001141,4,2001,1,"ABQ",10140,1014001,30140,"US","35","NM","New Mexico",86,1,0,1,0.046,"AA",1,196,0,4254,9,4254,2
"33",2001142,4,2001,1,"ABQ",10140,1014001,30140,"US","35","NM","New Mexico",86,0,0,1,0.519,"AA",1,1633,0,3146,7,3146,2
"34",2001147,3,2001,1,"ABQ",10140,1014001,30140,"US","35","NM","New Mexico",86,1,1,1,0.0525,"AA",1,208,0,3959,8,3959,2
"35",2001148,3,2001,1,"ABQ",10140,1014001,30140,"US","35","NM","New Mexico",86,1,1,1,0.1283,"AA",1,508,0,3959,8,3959,2
"36",2001149,5,2001,1,"ABQ",10140,1014001,30140,"US","35","NM","New Mexico",86,1,0,1,0.1751,"AA",1,817,0,4665,10,4665,2
"37",2001152,3,2001,1,"ABQ",10140,1014001,30140,"US","35","NM","New Mexico",86,1,0,1,0.0525,"AA",1,193,0,3675,8,3675,2
"38",2001153,3,2001,1,"ABQ",10140,1014001,30140,"US","35","NM","New Mexico",86,1,0,1,0.0899,"AA",1,248,0,2757,6,2757,2
"39",2001154,4,2001,1,"ABQ",10140,1014001,30140,"US","35","NM","New Mexico",86,1,0,1,0.1208,"AA",1,380,0,3145,7,3145,2
"40",2001155,2,2001,1,"ABQ",10140,1014001,30140,"US","35","NM","New Mexico",86,0,1,1,0.5589,"AA",1,1020,0,1825,4,1825,2
"41",2001156,2,2001,1,"ABQ",10140,1014001,30140,"US","35","NM","New Mexico",86,0,1,1,0.173,"AA",1,282,0,1630,4,1630,2
"42",2001157,1,2001,1,"ABQ",10140,1014001,30140,"US","35","NM","New Mexico",86,0,1,1,0.086,"AA",1,142,0,1650,4,1650,2
"43",2001158,2,2001,1,"ABQ",10140,1014001,30140,"US","35","NM","New Mexico",86,1,1,1,0.0845,"AA",1,279,0,3300,7,3300,2
"44",2001159,2,2001,1,"ABQ",10140,1014001,30140,"US","35","NM","New Mexico",86,1,1,1,0.0954,"AA",1,315,0,3300,7,3300,2
"45",2001160,4,2001,1,"ABQ",10140,1014001,30140,"US","35","NM","New Mexico",86,1,0,1,0.079,"AA",1,268,0,3419,7,3389,2
"46",2001161,3,2001,1,"ABQ",10140,1014001,30140,"US","35","NM","New Mexico",86,1,1,1,0.1245,"AA",1,425,0,3411,7,3411,2
"47",2001162,3,2001,1,"ABQ",10140,1014001,30140,"US","35","NM","New Mexico",86,1,1,1,0.1832,"AA",1,625,0,3411,7,3411,2
"48",2001163,3,2001,1,"ABQ",10140,1014001,30140,"US","35","NM","New Mexico",86,1,1,1,0.2421,"AA",1,826,0,3411,7,3411,2
"49",2001164,4,2001,1,"ABQ",10140,1014001,30140,"US","35","NM","New Mexico",86,1,1,1,0.2274,"AA",1,969,0,4260,9,4260,2
"50",2001165,4,2001,1,"ABQ",10140,1014001,30140,"US","35","NM","New Mexico",86,1,0,1,0.1252,"AA",1,235,0,1876,4,1876,2
"51",2001166,2,2001,1,"ABQ",10140,1014001,30140,"US","35","NM","New Mexico",86,0,1,1,0.4829,"AA",1,497,0,1029,3,1029,2
"52",2001167,4,2001,1,"ABQ",10140,1014001,30140,"US","35","NM","New Mexico",86,1,0,1,0.1421,"AA",1,240,0,1688,4,1688,2
"53",2001168,3,2001,1,"ABQ",10140,1014001,30140,"US","35","NM","New Mexico",86,0,0,1,0.1228,"AA",1,174,0,1416,3,1416,2
"54",2001169,4,2001,1,"ABQ",10140,1014001,30140,"US","35","NM","New Mexico",86,1,0,1,0.0713,"AA",1,196,0,2746,6,2746,2
"55",2001170,1,2001,1,"ABQ",10140,1014001,30140,"US","35","NM","New Mexico",86,0,1,1,0.9068,"AA",1,516,0,569,2,569,2
"56",2001171,1,2001,1,"ABQ",10140,1014001,30140,"US","35","NM","New Mexico",86,0,1,1,1.1001,"AA",1,626,0,569,2,569,2
"57",2001172,1,2001,1,"ABQ",10140,1014001,30140,"US","35","NM","New Mexico",86,0,1,1,1.1933,"AA",5,679,0,569,2,569,2
"58",2001173,1,2001,1,"ABQ",10140,1014001,30140,"US","35","NM","New Mexico",86,0,1,1,1.2864,"AA",1,732,0,569,2,569,2
"59",2001174,1,2001,1,"ABQ",10140,1014001,30140,"US","35","NM","New Mexico",86,0,1,1,0,"AA",1,0,0,569,2,569,2
"60",2001175,1,2001,1,"ABQ",10140,1014001,30140,"US","35","NM","New Mexico",86,0,1,1,0.1054,"AA",1,60,0,569,2,569,2
"61",2001176,1,2001,1,"ABQ",10140,1014001,30140,"US","35","NM","New Mexico",86,0,1,1,0.1195,"AA",1,68,0,569,2,569,2
"62",2001177,1,2001,1,"ABQ",10140,1014001,30140,"US","35","NM","New Mexico",86,0,1,1,0.1353,"AA",1,77,0,569,2,569,2
"63",2001178,1,2001,1,"ABQ",10140,1014001,30140,"US","35","NM","New Mexico",86,0,1,1,0.1511,"AA",1,86,0,569,2,569,2
"64",2001179,1,2001,1,"ABQ",10140,1014001,30140,"US","35","NM","New Mexico",86,0,1,1,0.1616,"AA",1,92,0,569,2,569,2
"65",2001180,1,2001,1,"ABQ",10140,1014001,30140,"US","35","NM","New Mexico",86,0,1,1,0.1775,"AA",15,101,0,569,2,569,2
"66",2001181,1,2001,1,"ABQ",10140,1014001,30140,"US","35","NM","New Mexico",86,0,1,1,0.2021,"AA",1,115,0,569,2,569,2
"67",2001182,1,2001,1,"ABQ",10140,1014001,30140,"US","35","NM","New Mexico",86,0,1,1,0.2179,"AA",1,124,0,569,2,569,2
"68",2001183,1,2001,1,"ABQ",10140,1014001,30140,"US","35","NM","New Mexico",86,0,1,1,0.2319,"AA",1,132,0,569,2,569,2
"69",2001184,1,2001,1,"ABQ",10140,1014001,30140,"US","35","NM","New Mexico",86,0,1,1,0.2355,"AA",1,134,0,569,2,569,2
"70",2001185,1,2001,1,"ABQ",10140,1014001,30140,"US","35","NM","New Mexico",86,0,1,1,0.2442,"AA",1,139,0,569,2,569,2
"71",2001186,1,2001,1,"ABQ",10140,1014001,30140,"US","35","NM","New Mexico",86,0,1,1,0.2565,"AA",5,146,0,569,2,569,2
"72",2001187,1,2001,1,"ABQ",10140,1014001,30140,"US","35","NM","New Mexico",86,0,1,1,0.2583,"AA",4,147,0,569,2,569,2
"73",2001188,1,2001,1,"ABQ",10140,1014001,30140,"US","35","NM","New Mexico",86,0,1,1,0.2776,"AA",1,158,0,569,2,569,2
"74",2001189,1,2001,1,"ABQ",10140,1014001,30140,"US","35","NM","New Mexico",86,0,1,1,0.2829,"AA",2,161,0,569,2,569,2
"75",2001190,1,2001,1,"ABQ",10140,1014001,30140,"US","35","NM","New Mexico",86,0,1,1,0.2934,"AA",1,167,0,569,2,569,2
"76",2001191,1,2001,1,"ABQ",10140,1014001,30140,"US","35","NM","New Mexico",86,0,1,1,0.3339,"AA",1,190,0,569,2,569,2
"77",2001192,1,2001,1,"ABQ",10140,1014001,30140,"US","35","NM","New Mexico",86,0,1,1,0.4692,"AA",2,267,0,569,2,569,2
"78",2001193,1,2001,1,"ABQ",10140,1014001,30140,"US","35","NM","New Mexico",86,0,1,1,0.4956,"AA",1,282,0,569,2,569,2
"79",2001194,1,2001,1,"ABQ",10140,1014001,30140,"US","35","NM","New Mexico",86,0,1,1,0.5149,"AA",5,293,0,569,2,569,2
"80",2001195,1,2001,1,"ABQ",10140,1014001,30140,"US","35","NM","New Mexico",86,0,1,1,0.55,"AA",3,313,0,569,2,569,2
"81",2001196,1,2001,1,"ABQ",10140,1014001,30140,"US","35","NM","New Mexico",86,0,1,1,0.8172,"AA",1,465,0,569,2,569,2
"82",2001197,1,2001,1,"ABQ",10140,1014001,30140,"US","35","NM","New Mexico",86,0,1,1,0.8312,"AA",1,473,0,569,2,569,2
"83",2001198,1,2001,1,"ABQ",10140,1014001,30140,"US","35","NM","New Mexico",86,0,1,1,0.847,"AA",1,482,0,569,2,569,2
"84",2001199,1,2001,1,"ABQ",10140,1014001,30140,"US","35","NM","New Mexico",86,0,1,1,1.1528,"AA",1,656,0,569,2,569,2
"85",20011100,1,2001,1,"ABQ",10140,1014001,30140,"US","35","NM","New Mexico",86,0,1,1,0.1862,"AA",1,106,0,569,2,569,2
"86",20011101,1,2001,1,"ABQ",10140,1014001,30140,"US","35","NM","New Mexico",86,0,1,1,0.2847,"AA",1,162,0,569,2,569,2
"87",20011102,1,2001,1,"ABQ",10140,1014001,30140,"US","35","NM","New Mexico",86,0,1,1,0.7486,"AA",1,426,0,569,2,569,2
"88",20011103,1,2001,1,"ABQ",10140,1014001,30140,"US","35","NM","New Mexico",86,0,1,1,0.833,"AA",1,474,0,569,2,569,2
"89",20011104,1,2001,1,"ABQ",10140,1014001,30140,"US","35","NM","New Mexico",86,0,1,1,1.1001,"AA",3,626,0,569,2,569,2
"90",20011105,1,2001,1,"ABQ",10140,1014001,30140,"US","35","NM","New Mexico",86,0,1,1,1.1933,"AA",1,679,0,569,2,569,2
"91",20011106,4,2001,1,"ABQ",10140,1014001,30140,"US","35","NM","New Mexico",86,1,0,1,0.2675,"AA",1,389,0,1454,3,1454,2
"92",20011107,4,2001,1,"ABQ",10140,1014001,30140,"US","35","NM","New Mexico",86,1,0,1,0.2792,"AA",1,406,0,1454,3,1454,2
"93",20011108,2,2001,1,"ABQ",10140,1014001,30140,"US","35","NM","New Mexico",86,1,1,1,0.8031,"AA",1,914,0,1138,3,1138,2
"94",20011109,2,2001,1,"ABQ",10140,1014001,30140,"US","35","NM","New Mexico",86,1,1,1,0,"AA",3,0,0,1138,3,1138,2
"95",20011110,2,2001,1,"ABQ",10140,1014001,30140,"US","35","NM","New Mexico",86,1,1,1,0.1001,"AA",1,114,0,1138,3,1138,2
"96",20011111,2,2001,1,"ABQ",10140,1014001,30140,"US","35","NM","New Mexico",86,1,1,1,0.1045,"AA",1,119,0,1138,3,1138,2
"97",20011112,2,2001,1,"ABQ",10140,1014001,30140,"US","35","NM","New Mexico",86,1,1,1,0.1089,"AA",1,124,0,1138,3,1138,2
"98",20011113,2,2001,1,"ABQ",10140,1014001,30140,"US","35","NM","New Mexico",86,1,1,1,0.1133,"AA",1,129,0,1138,3,1138,2
"99",20011114,2,2001,1,"ABQ",10140,1014001,30140,"US","35","NM","New Mexico",86,1,1,1,0.1151,"AA",2,131,0,1138,3,1138,2
"100",20011115,2,2001,1,"ABQ",10140,1014001,30140,"US","35","NM","New Mexico",86,1,1,1,0.1247,"AA",1,142,0,1138,3,1138,2
"101",20011116,2,2001,1,"ABQ",10140,1014001,30140,"US","35","NM","New Mexico",86,1,1,1,0.1265,"AA",1,144,0,1138,3,1138,2
"102",20011117,2,2001,1,"ABQ",10140,1014001,30140,"US","35","NM","New Mexico",86,1,1,1,0.1291,"AA",1,147,0,1138,3,1138,2
"103",20011118,2,2001,1,"ABQ",10140,1014001,30140,"US","35","NM","New Mexico",86,1,1,1,0.1318,"AA",1,150,0,1138,3,1138,2
"104",20011119,2,2001,1,"ABQ",10140,1014001,30140,"US","35","NM","New Mexico",86,1,1,1,0.1326,"AA",1,151,0,1138,3,1138,2
"105",20011120,2,2001,1,"ABQ",10140,1014001,30140,"US","35","NM","New Mexico",86,1,1,1,0.1344,"AA",1,153,0,1138,3,1138,2
"106",20011121,2,2001,1,"ABQ",10140,1014001,30140,"US","35","NM","New Mexico",86,1,1,1,0.1353,"AA",2,154,0,1138,3,1138,2
"107",20011122,2,2001,1,"ABQ",10140,1014001,30140,"US","35","NM","New Mexico",86,1,1,1,0.1397,"AA",5,159,0,1138,3,1138,2
"108",20011123,2,2001,1,"ABQ",10140,1014001,30140,"US","35","NM","New Mexico",86,1,1,1,0.1405,"AA",1,160,0,1138,3,1138,2
"109",20011124,2,2001,1,"ABQ",10140,1014001,30140,"US","35","NM","New Mexico",86,1,1,1,0.1414,"AA",3,161,0,1138,3,1138,2
"110",20011125,2,2001,1,"ABQ",10140,1014001,30140,"US","35","NM","New Mexico",86,1,1,1,0.1423,"AA",1,162,0,1138,3,1138,2
"111",20011126,2,2001,1,"ABQ",10140,1014001,30140,"US","35","NM","New Mexico",86,1,1,1,0.1441,"AA",2,164,0,1138,3,1138,2
"112",20011127,2,2001,1,"ABQ",10140,1014001,30140,"US","35","NM","New Mexico",86,1,1,1,0.1458,"AA",2,166,0,1138,3,1138,2
"113",20011128,2,2001,1,"ABQ",10140,1014001,30140,"US","35","NM","New Mexico",86,1,1,1,0.1467,"AA",3,167,0,1138,3,1138,2
"114",20011129,2,2001,1,"ABQ",10140,1014001,30140,"US","35","NM","New Mexico",86,1,1,1,0.1476,"AA",5,168,0,1138,3,1138,2
"115",20011130,2,2001,1,"ABQ",10140,1014001,30140,"US","35","NM","New Mexico",86,1,1,1,0.1485,"AA",1,169,0,1138,3,1138,2
"116",20011131,2,2001,1,"ABQ",10140,1014001,30140,"US","35","NM","New Mexico",86,1,1,1,0.1502,"AA",1,171,0,1138,3,1138,2
"117",20011132,2,2001,1,"ABQ",10140,1014001,30140,"US","35","NM","New Mexico",86,1,1,1,0.1528,"AA",1,174,0,1138,3,1138,2
"118",20011133,2,2001,1,"ABQ",10140,1014001,30140,"US","35","NM","New Mexico",86,1,1,1,0.1546,"AA",8,176,0,1138,3,1138,2
"119",20011134,2,2001,1,"ABQ",10140,1014001,30140,"US","35","NM","New Mexico",86,1,1,1,0.159,"AA",2,181,0,1138,3,1138,2
"120",20011135,2,2001,1,"ABQ",10140,1014001,30140,"US","35","NM","New Mexico",86,1,1,1,0.1608,"AA",4,183,0,1138,3,1138,2
"121",20011136,2,2001,1,"ABQ",10140,1014001,30140,"US","35","NM","New Mexico",86,1,1,1,0.1625,"AA",79,185,0,1138,3,1138,2
"122",20011137,2,2001,1,"ABQ",10140,1014001,30140,"US","35","NM","New Mexico",86,1,1,1,0.1652,"AA",1,188,0,1138,3,1138,2
"123",20011138,2,2001,1,"ABQ",10140,1014001,30140,"US","35","NM","New Mexico",86,1,1,1,0.166,"AA",1,189,0,1138,3,1138,2
"124",20011139,2,2001,1,"ABQ",10140,1014001,30140,"US","35","NM","New Mexico",86,1,1,1,0.1669,"AA",1,190,0,1138,3,1138,2
"125",20011140,2,2001,1,"ABQ",10140,1014001,30140,"US","35","NM","New Mexico",86,1,1,1,0.1731,"AA",2,197,0,1138,3,1138,2
"126",20011141,2,2001,1,"ABQ",10140,1014001,30140,"US","35","NM","New Mexico",86,1,1,1,0.1766,"AA",1,201,0,1138,3,1138,2
"127",20011142,2,2001,1,"ABQ",10140,1014001,30140,"US","35","NM","New Mexico",86,1,1,1,0.1783,"AA",2,203,0,1138,3,1138,2
"128",20011143,2,2001,1,"ABQ",10140,1014001,30140,"US","35","NM","New Mexico",86,1,1,1,0.1801,"AA",1,205,0,1138,3,1138,2
"129",20011144,2,2001,1,"ABQ",10140,1014001,30140,"US","35","NM","New Mexico",86,1,1,1,0.181,"AA",1,206,0,1138,3,1138,2
"130",20011145,2,2001,1,"ABQ",10140,1014001,30140,"US","35","NM","New Mexico",86,1,1,1,0.188,"AA",4,214,0,1138,3,1138,2
"131",20011146,2,2001,1,"ABQ",10140,1014001,30140,"US","35","NM","New Mexico",86,1,1,1,0.1942,"AA",1,221,0,1138,3,1138,2
"132",20011147,2,2001,1,"ABQ",10140,1014001,30140,"US","35","NM","New Mexico",86,1,1,1,0.1977,"AA",1,225,0,1138,3,1138,2
"133",20011148,2,2001,1,"ABQ",10140,1014001,30140,"US","35","NM","New Mexico",86,1,1,1,0.2003,"AA",3,228,0,1138,3,1138,2
"134",20011149,2,2001,1,"ABQ",10140,1014001,30140,"US","35","NM","New Mexico",86,1,1,1,0.21,"AA",3,239,0,1138,3,1138,2
"135",20011150,2,2001,1,"ABQ",10140,1014001,30140,"US","35","NM","New Mexico",86,1,1,1,0.2108,"AA",2,240,0,1138,3,1138,2
"136",20011151,2,2001,1,"ABQ",10140,1014001,30140,"US","35","NM","New Mexico",86,1,1,1,0.2188,"AA",6,249,0,1138,3,1138,2
"137",20011152,2,2001,1,"ABQ",10140,1014001,30140,"US","35","NM","New Mexico",86,1,1,1,0.2337,"AA",1,266,0,1138,3,1138,2
"138",20011153,2,2001,1,"ABQ",10140,1014001,30140,"US","35","NM","New Mexico",86,1,1,1,0.2381,"AA",1,271,0,1138,3,1138,2
"139",20011154,2,2001,1,"ABQ",10140,1014001,30140,"US","35","NM","New Mexico",86,1,1,1,0.2416,"AA",1,275,0,1138,3,1138,2
"140",20011155,2,2001,1,"ABQ",10140,1014001,30140,"US","35","NM","New Mexico",86,1,1,1,0.2451,"AA",15,279,0,1138,3,1138,2
"141",20011156,2,2001,1,"ABQ",10140,1014001,30140,"US","35","NM","New Mexico",86,1,1,1,0.2478,"AA",1,282,0,1138,3,1138,2
"142",20011157,2,2001,1,"ABQ",10140,1014001,30140,"US","35","NM","New Mexico",86,1,1,1,0.2574,"AA",4,293,0,1138,3,1138,2
"143",20011158,2,2001,1,"ABQ",10140,1014001,30140,"US","35","NM","New Mexico",86,1,1,1,0.2688,"AA",1,306,0,1138,3,1138,2
"144",20011159,2,2001,1,"ABQ",10140,1014001,30140,"US","35","NM","New Mexico",86,1,1,1,0.2803,"AA",1,319,0,1138,3,1138,2
"145",20011160,2,2001,1,"ABQ",10140,1014001,30140,"US","35","NM","New Mexico",86,1,1,1,0.2864,"AA",1,326,0,1138,3,1138,2
"146",20011161,2,2001,1,"ABQ",10140,1014001,30140,"US","35","NM","New Mexico",86,1,1,1,0.3189,"AA",1,363,0,1138,3,1138,2
"147",20011162,2,2001,1,"ABQ",10140,1014001,30140,"US","35","NM","New Mexico",86,1,1,1,0.3506,"AA",2,399,0,1138,3,1138,2
"148",20011163,2,2001,1,"ABQ",10140,1014001,30140,"US","35","NM","New Mexico",86,1,1,1,0.3523,"AA",1,401,0,1138,3,1138,2
"149",20011164,2,2001,1,"ABQ",10140,1014001,30140,"US","35","NM","New Mexico",86,1,1,1,0.3646,"AA",1,415,0,1138,3,1138,2
"150",20011165,2,2001,1,"ABQ",10140,1014001,30140,"US","35","NM","New Mexico",86,1,1,1,0.3866,"AA",1,440,0,1138,3,1138,2
"151",20011166,2,2001,1,"ABQ",10140,1014001,30140,"US","35","NM","New Mexico",86,1,1,1,0.4042,"AA",1,460,0,1138,3,1138,2
"152",20011167,2,2001,1,"ABQ",10140,1014001,30140,"US","35","NM","New Mexico",86,1,1,1,0.4103,"AA",1,467,0,1138,3,1138,2
"153",20011168,2,2001,1,"ABQ",10140,1014001,30140,"US","35","NM","New Mexico",86,1,1,1,0.427,"AA",2,486,0,1138,3,1138,2
"154",20011169,2,2001,1,"ABQ",10140,1014001,30140,"US","35","NM","New Mexico",86,1,1,1,0.4279,"AA",1,487,0,1138,3,1138,2
"155",20011170,2,2001,1,"ABQ",10140,1014001,30140,"US","35","NM","New Mexico",86,1,1,1,0.4367,"AA",1,497,0,1138,3,1138,2
"156",20011171,2,2001,1,"ABQ",10140,1014001,30140,"US","35","NM","New Mexico",86,1,1,1,0.4701,"AA",1,535,0,1138,3,1138,2
"157",20011172,2,2001,1,"ABQ",10140,1014001,30140,"US","35","NM","New Mexico",86,1,1,1,0.4903,"AA",1,558,0,1138,3,1138,2
"158",20011173,2,2001,1,"ABQ",10140,1014001,30140,"US","35","NM","New Mexico",86,1,1,1,0.4929,"AA",1,561,0,1138,3,1138,2
"159",20011174,2,2001,1,"ABQ",10140,1014001,30140,"US","35","NM","New Mexico",86,1,1,1,0.5035,"AA",1,573,0,1138,3,1138,2
"160",20011175,2,2001,1,"ABQ",10140,1014001,30140,"US","35","NM","New Mexico",86,1,1,1,0.5386,"AA",1,613,0,1138,3,1138,2
"161",20011176,2,2001,1,"ABQ",10140,1014001,30140,"US","35","NM","New Mexico",86,1,1,1,0.6344,"AA",1,722,0,1138,3,1138,2
"162",20011177,2,2001,1,"ABQ",10140,1014001,30140,"US","35","NM","New Mexico",86,1,1,1,0.6669,"AA",1,759,0,1138,3,1138,2
"163",20011178,2,2001,1,"ABQ",10140,1014001,30140,"US","35","NM","New Mexico",86,1,1,1,1.0193,"AA",1,1160,0,1138,3,1138,2
"164",20011179,2,2001,1,"ABQ",10140,1014001,30140,"US","35","NM","New Mexico",86,1,1,1,0.5307,"AA",1,604,0,1138,3,1138,2
"165",20011180,2,2001,1,"ABQ",10140,1014001,30140,"US","35","NM","New Mexico",86,1,1,1,0.6221,"AA",1,708,0,1138,3,1138,2
"166",20011181,2,2001,1,"ABQ",10140,1014001,30140,"US","35","NM","New Mexico",86,1,1,1,0.1678,"AA",1,191,0,1138,3,1138,2
"167",20011182,2,2001,1,"ABQ",10140,1014001,30140,"US","35","NM","New Mexico",86,1,1,1,0.1695,"AA",1,193,0,1138,3,1138,2
"168",20011183,2,2001,1,"ABQ",10140,1014001,30140,"US","35","NM","New Mexico",86,1,1,1,0.8128,"AA",1,925,0,1138,3,1138,2
"169",20011184,2,2001,1,"ABQ",10140,1014001,30140,"US","35","NM","New Mexico",86,1,0,1,0.1511,"AA",3,172,0,1138,3,1138,2
"170",20011190,4,2001,1,"ABQ",10140,1014001,30140,"US","35","NM","New Mexico",86,1,0,1,0.1527,"AA",2,201,0,1316,3,1316,2
"171",20011191,4,2001,1,"ABQ",10140,1014001,30140,"US","35","NM","New Mexico",86,1,0,1,0.1679,"AA",1,221,0,1316,3,1316,2
"172",20011192,4,2001,1,"ABQ",10140,1014001,30140,"US","35","NM","New Mexico",86,1,0,1,0.2256,"AA",1,297,0,1316,3,1316,2
"173",20011193,4,2001,1,"ABQ",10140,1014001,30140,"US","35","NM","New Mexico",86,1,0,1,0.4278,"AA",1,563,0,1316,3,1316,2
"174",20011194,4,2001,1,"ABQ",10140,1014001,30140,"US","35","NM","New Mexico",86,1,0,1,0.6564,"AA",1,1158,0,1764,4,1764,2
"175",20011195,2,2001,1,"ABQ",10140,1014001,30140,"US","35","NM","New Mexico",86,0,1,1,0.7255,"AA",1,944,0,1301,3,1301,2
"176",20011196,2,2001,1,"ABQ",10140,1014001,30140,"US","35","NM","New Mexico",86,0,1,1,0.8754,"AA",1,1139,0,1301,3,1301,2
"177",20011197,2,2001,1,"ABQ",10140,1014001,30140,"US","35","NM","New Mexico",86,0,1,1,0.5172,"AA",1,673,0,1301,3,1301,2
"178",20011198,2,2001,1,"ABQ",10140,1014001,30140,"US","35","NM","New Mexico",86,0,1,1,0.6033,"AA",1,785,0,1301,3,1301,2
"179",20011199,2,2001,1,"ABQ",10140,1014001,30140,"US","35","NM","New Mexico",86,0,1,1,0.0084,"AA",1,11,0,1301,3,1301,2
"180",20011200,3,2001,1,"ABQ",10140,1014001,30140,"US","35","NM","New Mexico",86,1,1,1,0.077,"AA",1,198,0,2570,6,2570,2
"181",20011201,4,2001,1,"ABQ",10140,1014001,30140,"US","35","NM","New Mexico",86,1,1,1,0,"AA",6,0,0,2602,6,2602,2
"182",20011202,4,2001,1,"ABQ",10140,1014001,30140,"US","35","NM","New Mexico",86,1,1,1,0.0695,"AA",1,181,0,2602,6,2602,2
"183",20011203,4,2001,1,"ABQ",10140,1014001,30140,"US","35","NM","New Mexico",86,1,1,1,0.0734,"AA",3,191,0,2602,6,2602,2
"184",20011204,4,2001,1,"ABQ",10140,1014001,30140,"US","35","NM","New Mexico",86,1,1,1,0.0772,"AA",1,201,0,2602,6,2602,2
"185",20011205,4,2001,1,"ABQ",10140,1014001,30140,"US","35","NM","New Mexico",86,1,1,1,0.081,"AA",1,211,0,2602,6,2602,2
"186",20011206,4,2001,1,"ABQ",10140,1014001,30140,"US","35","NM","New Mexico",86,1,1,1,0.0841,"AA",1,219,0,2602,6,2602,2
"187",20011207,4,2001,1,"ABQ",10140,1014001,30140,"US","35","NM","New Mexico",86,1,1,1,0.0849,"AA",1,221,0,2602,6,2602,2
"188",20011208,4,2001,1,"ABQ",10140,1014001,30140,"US","35","NM","New Mexico",86,1,1,1,0.1233,"AA",1,321,0,2602,6,2602,2
"189",20011209,4,2001,1,"ABQ",10140,1014001,30140,"US","35","NM","New Mexico",86,1,1,1,0.1352,"AA",1,352,0,2602,6,2602,2
"190",20011210,4,2001,1,"ABQ",10140,1014001,30140,"US","35","NM","New Mexico",86,1,1,1,0.1387,"AA",3,361,0,2602,6,2602,2
"191",20011211,4,2001,1,"ABQ",10140,1014001,30140,"US","35","NM","New Mexico",86,1,1,1,0.1441,"AA",1,375,0,2602,6,2602,2
"192",20011212,4,2001,1,"ABQ",10140,1014001,30140,"US","35","NM","New Mexico",86,1,1,1,0.1529,"AA",1,398,0,2602,6,2602,2
"193",20011213,4,2001,1,"ABQ",10140,1014001,30140,"US","35","NM","New Mexico",86,1,1,1,0.1633,"AA",1,425,0,2602,6,2602,2
"194",20011214,4,2001,1,"ABQ",10140,1014001,30140,"US","35","NM","New Mexico",86,1,1,1,0.1637,"AA",1,426,0,2602,6,2602,2
"195",20011215,4,2001,1,"ABQ",10140,1014001,30140,"US","35","NM","New Mexico",86,1,1,1,0.1779,"AA",1,463,0,2602,6,2602,2
"196",20011216,4,2001,1,"ABQ",10140,1014001,30140,"US","35","NM","New Mexico",86,1,1,1,0.1798,"AA",1,468,0,2602,6,2602,2
"197",20011217,4,2001,1,"ABQ",10140,1014001,30140,"US","35","NM","New Mexico",86,1,1,1,0.184,"AA",1,479,0,2602,6,2602,2
"198",20011218,4,2001,1,"ABQ",10140,1014001,30140,"US","35","NM","New Mexico",86,1,1,1,0.2056,"AA",1,535,0,2602,6,2602,2
"199",20011219,4,2001,1,"ABQ",10140,1014001,30140,"US","35","NM","New Mexico",86,1,1,1,0.2394,"AA",1,623,0,2602,6,2602,2
"200",20011220,4,2001,1,"ABQ",10140,1014001,30140,"US","35","NM","New Mexico",86,1,1,1,0.2451,"AA",1,638,0,2602,6,2602,2
"201",20011221,4,2001,1,"ABQ",10140,1014001,30140,"US","35","NM","New Mexico",86,1,1,1,0.2471,"AA",1,643,0,2602,6,2602,2
"202",20011222,4,2001,1,"ABQ",10140,1014001,30140,"US","35","NM","New Mexico",86,1,1,1,0.2913,"AA",1,758,0,2602,6,2602,2
"203",20011223,4,2001,1,"ABQ",10140,1014001,30140,"US","35","NM","New Mexico",86,1,1,1,0.3708,"AA",1,965,0,2602,6,2602,2
"204",20011224,4,2001,1,"ABQ",10140,1014001,30140,"US","35","NM","New Mexico",86,1,1,1,0.2355,"AA",1,613,0,2602,6,2602,2
"205",20011225,4,2001,1,"ABQ",10140,1014001,30140,"US","35","NM","New Mexico",86,1,1,1,0.2578,"AA",1,671,0,2602,6,2602,2
"206",20011226,4,2001,1,"ABQ",10140,1014001,30140,"US","35","NM","New Mexico",86,1,1,1,0.234,"AA",1,609,0,2602,6,2602,2
"207",20011227,4,2001,1,"ABQ",10140,1014001,30140,"US","35","NM","New Mexico",86,1,1,1,0.1295,"AA",1,337,0,2602,6,2602,2
"208",20011228,6,2001,1,"ABQ",10140,1014001,30140,"US","35","NM","New Mexico",86,1,0,1,0.1124,"AA",1,364,0,3236,7,3236,2
"209",20011229,4,2001,1,"ABQ",10140,1014001,30140,"US","35","NM","New Mexico",86,1,1,1,0,"AA",1,0,0,3025,7,3025,2
"210",20011230,4,2001,1,"ABQ",10140,1014001,30140,"US","35","NM","New Mexico",86,1,1,1,0.3603,"AA",1,1090,0,3025,7,3025,2
"211",20011231,2,2001,1,"ABQ",10140,1014001,30140,"US","35","NM","New Mexico",86,0,1,1,0.5944,"AA",1,447,0,752,2,752,2
"212",20011232,2,2001,1,"ABQ",10140,1014001,30140,"US","35","NM","New Mexico",86,0,1,1,0.2353,"AA",1,177,0,752,2,752,2
"213",20011233,2,2001,1,"ABQ",10140,1014001,30140,"US","35","NM","New Mexico",86,0,1,1,0.5279,"AA",1,397,0,752,2,752,2
"214",20011234,2,2001,1,"ABQ",10140,1014001,30140,"US","35","NM","New Mexico",86,0,1,1,0.2659,"AA",1,200,0,752,2,752,2
"215",20011235,2,2001,1,"ABQ",10140,1014001,30140,"US","35","NM","New Mexico",86,0,1,1,0.4773,"AA",1,359,0,752,2,752,2
"216",20011236,2,2001,1,"ABQ",10140,1014001,30140,"US","35","NM","New Mexico",86,0,1,1,0.5385,"AA",1,405,0,752,2,752,2
"217",20011237,2,2001,1,"ABQ",10140,1014001,30140,"US","35","NM","New Mexico",86,0,1,1,0.5944,"AA",1,447,0,752,2,752,2
"218",20011238,4,2001,1,"ABQ",10140,1014001,30140,"US","35","NM","New Mexico",86,1,1,1,0.595,"AA",1,895,0,1504,4,1504,2
"219",20011239,4,2001,1,"ABQ",10140,1014001,30140,"US","35","NM","New Mexico",86,1,1,1,0.1003,"AA",1,151,0,1504,4,1504,2
"220",20011240,4,2001,1,"ABQ",10140,1014001,30140,"US","35","NM","New Mexico",86,1,1,1,0.1136,"AA",1,171,0,1504,4,1504,2
"221",20011241,4,2001,1,"ABQ",10140,1014001,30140,"US","35","NM","New Mexico",86,1,1,1,0.1203,"AA",1,181,0,1504,4,1504,2
"222",20011242,4,2001,1,"ABQ",10140,1014001,30140,"US","35","NM","New Mexico",86,1,1,1,0.121,"AA",1,182,0,1504,4,1504,2
"223",20011243,4,2001,1,"ABQ",10140,1014001,30140,"US","35","NM","New Mexico",86,1,1,1,0.1236,"AA",2,186,0,1504,4,1504,2
"224",20011244,4,2001,1,"ABQ",10140,1014001,30140,"US","35","NM","New Mexico",86,1,1,1,0.1336,"AA",1,201,0,1504,4,1504,2
"225",20011245,4,2001,1,"ABQ",10140,1014001,30140,"US","35","NM","New Mexico",86,1,1,1,0.1382,"AA",1,208,0,1504,4,1504,2
"226",20011246,4,2001,1,"ABQ",10140,1014001,30140,"US","35","NM","New Mexico",86,1,1,1,0.1429,"AA",1,215,0,1504,4,1504,2
"227",20011247,4,2001,1,"ABQ",10140,1014001,30140,"US","35","NM","New Mexico",86,1,1,1,0.1456,"AA",1,219,0,1504,4,1504,2
"228",20011248,4,2001,1,"ABQ",10140,1014001,30140,"US","35","NM","New Mexico",86,1,1,1,0.1469,"AA",3,221,0,1504,4,1504,2
"229",20011249,4,2001,1,"ABQ",10140,1014001,30140,"US","35","NM","New Mexico",86,1,1,1,0.1575,"AA",1,237,0,1504,4,1504,2
"230",20011250,4,2001,1,"ABQ",10140,1014001,30140,"US","35","NM","New Mexico",86,1,1,1,0.1602,"AA",2,241,0,1504,4,1504,2
"231",20011251,4,2001,1,"ABQ",10140,1014001,30140,"US","35","NM","New Mexico",86,1,1,1,0.1735,"AA",2,261,0,1504,4,1504,2
"232",20011252,4,2001,1,"ABQ",10140,1014001,30140,"US","35","NM","New Mexico",86,1,1,1,0.1934,"AA",1,291,0,1504,4,1504,2
"233",20011253,4,2001,1,"ABQ",10140,1014001,30140,"US","35","NM","New Mexico",86,1,1,1,0.1961,"AA",1,295,0,1504,4,1504,2
"234",20011254,4,2001,1,"ABQ",10140,1014001,30140,"US","35","NM","New Mexico",86,1,1,1,0.1988,"AA",2,299,0,1504,4,1504,2
"235",20011255,4,2001,1,"ABQ",10140,1014001,30140,"US","35","NM","New Mexico",86,1,1,1,0.2081,"AA",1,313,0,1504,4,1504,2
"236",20011256,4,2001,1,"ABQ",10140,1014001,30140,"US","35","NM","New Mexico",86,1,1,1,0.2094,"AA",1,315,0,1504,4,1504,2
"237",20011257,4,2001,1,"ABQ",10140,1014001,30140,"US","35","NM","New Mexico",86,1,1,1,0.2101,"AA",1,316,0,1504,4,1504,2
"238",20011258,4,2001,1,"ABQ",10140,1014001,30140,"US","35","NM","New Mexico",86,1,1,1,0.2107,"AA",1,317,0,1504,4,1504,2
"239",20011259,4,2001,1,"ABQ",10140,1014001,30140,"US","35","NM","New Mexico",86,1,1,1,0.2207,"AA",2,332,0,1504,4,1504,2
"240",20011260,4,2001,1,"ABQ",10140,1014001,30140,"US","35","NM","New Mexico",86,1,1,1,0.2227,"AA",1,335,0,1504,4,1504,2
"241",20011261,4,2001,1,"ABQ",10140,1014001,30140,"US","35","NM","New Mexico",86,1,1,1,0.2247,"AA",1,338,0,1504,4,1504,2
"242",20011262,4,2001,1,"ABQ",10140,1014001,30140,"US","35","NM","New Mexico",86,1,1,1,0.23,"AA",1,346,0,1504,4,1504,2
"243",20011263,4,2001,1,"ABQ",10140,1014001,30140,"US","35","NM","New Mexico",86,1,1,1,0.5285,"AA",1,795,0,1504,4,1504,2
"244",20011264,4,2001,1,"ABQ",10140,1014001,30140,"US","35","NM","New Mexico",86,1,1,1,0.3198,"AA",1,481,0,1504,4,1504,2
"245",20011265,4,2001,1,"ABQ",10140,1014001,30140,"US","35","NM","New Mexico",86,1,1,1,0.3656,"AA",1,550,0,1504,4,1504,2
"246",20011266,4,2001,1,"ABQ",10140,1014001,30140,"US","35","NM","New Mexico",86,1,1,1,0.2832,"AA",1,426,0,1504,4,1504,2
"247",20011267,4,2001,1,"ABQ",10140,1014001,30140,"US","35","NM","New Mexico",86,1,1,1,0.2998,"AA",1,451,0,1504,4,1504,2
"248",20011268,4,2001,1,"ABQ",10140,1014001,30140,"US","35","NM","New Mexico",86,1,1,1,0.3065,"AA",1,461,0,1504,4,1504,2
"249",20011269,4,2001,1,"ABQ",10140,1014001,30140,"US","35","NM","New Mexico",86,1,1,1,0.4507,"AA",1,678,0,1504,4,1504,2
"250",20011270,4,2001,1,"ABQ",10140,1014001,30140,"US","35","NM","New Mexico",86,0,1,1,0.4531,"AA",1,1156,0,2551,6,2551,2
"251",20011271,2,2001,1,"ABQ",10140,1014001,30140,"US","35","NM","New Mexico",86,0,1,1,0.1921,"AA",1,392,0,2040,5,2040,2
"252",20011272,4,2001,1,"ABQ",10140,1014001,30140,"US","35","NM","New Mexico",86,1,1,1,0,"AA",2,0,0,4080,9,4080,2
"253",20011273,4,2001,1,"ABQ",10140,1014001,30140,"US","35","NM","New Mexico",86,1,1,1,0.0495,"AA",2,202,0,4080,9,4080,2
"254",20011274,4,2001,1,"ABQ",10140,1014001,30140,"US","35","NM","New Mexico",86,1,1,1,0.0681,"AA",1,278,0,4080,9,4080,2
"255",20011275,4,2001,1,"ABQ",10140,1014001,30140,"US","35","NM","New Mexico",86,1,1,1,0.0764,"AA",1,312,0,4080,9,4080,2
"256",20011276,4,2001,1,"ABQ",10140,1014001,30140,"US","35","NM","New Mexico",86,1,1,1,0.0999,"AA",1,408,0,4080,9,4080,2
"257",20011277,4,2001,1,"ABQ",10140,1014001,30140,"US","35","NM","New Mexico",86,1,1,1,0.1063,"AA",1,434,0,4080,9,4080,2
"258",20011278,4,2001,1,"ABQ",10140,1014001,30140,"US","35","NM","New Mexico",86,1,1,1,0.2833,"AA",1,1156,0,4080,9,4080,2
"259",20011279,4,2001,1,"ABQ",10140,1014001,30140,"US","35","NM","New Mexico",86,1,1,1,0.1321,"AA",1,539,0,4080,9,4080,2
"260",20011280,4,2001,1,"ABQ",10140,1014001,30140,"US","35","NM","New Mexico",86,1,1,1,0,"AA",1,0,0,3941,8,3941,2
"261",20011281,4,2001,1,"ABQ",10140,1014001,30140,"US","35","NM","New Mexico",86,1,1,1,0.123,"AA",1,485,0,3941,8,3941,2
"262",20011282,4,2001,1,"ABQ",10140,1014001,30140,"US","35","NM","New Mexico",86,1,1,1,0.0449,"AA",1,177,0,3941,8,3941,2
"263",20011283,4,2001,1,"ABQ",10140,1014001,30140,"US","35","NM","New Mexico",86,1,1,1,0,"AA",1,0,0,2332,5,2332,2
"264",20011284,4,2001,1,"ABQ",10140,1014001,30140,"US","35","NM","New Mexico",86,1,1,1,0.0861,"AA",1,201,0,2332,5,2332,2
"265",20011285,4,2001,1,"ABQ",10140,1014001,30140,"US","35","NM","New Mexico",86,1,1,1,0.0917,"AA",1,214,0,2332,5,2332,2
"266",20011286,4,2001,1,"ABQ",10140,1014001,30140,"US","35","NM","New Mexico",86,1,1,1,0.0947,"AA",1,221,0,2332,5,2332,2
"267",20011287,4,2001,1,"ABQ",10140,1014001,30140,"US","35","NM","New Mexico",86,1,1,1,0.0973,"AA",1,227,0,2332,5,2332,2
"268",20011288,4,2001,1,"ABQ",10140,1014001,30140,"US","35","NM","New Mexico",86,1,1,1,0.1033,"AA",1,241,0,2332,5,2332,2
"269",20011289,4,2001,1,"ABQ",10140,1014001,30140,"US","35","NM","New Mexico",86,1,1,1,0.1119,"AA",1,261,0,2332,5,2332,2
"270",20011290,4,2001,1,"ABQ",10140,1014001,30140,"US","35","NM","New Mexico",86,1,1,1,0.1942,"AA",1,453,0,2332,5,2332,2
"271",20011291,4,2001,1,"ABQ",10140,1014001,30140,"US","35","NM","New Mexico",86,1,1,1,0.1758,"AA",1,410,0,2332,5,2332,2
"272",20011300,2,2001,1,"ABQ",10140,1014001,30140,"US","35","NM","New Mexico",86,0,1,1,0.0916,"AA",1,110,0,1200,3,1200,2
"273",20011301,3,2001,1,"ABQ",10140,1014001,30140,"US","35","NM","New Mexico",86,1,1,1,0.1347,"AA",1,313,0,2323,5,2323,2
"274",20011302,4,2001,1,"ABQ",10140,1014001,30140,"US","35","NM","New Mexico",86,1,1,1,0.0612,"AA",1,147,0,2400,5,2400,2
"275",20011303,4,2001,1,"ABQ",10140,1014001,30140,"US","35","NM","New Mexico",86,1,1,1,0.0816,"AA",1,196,0,2400,5,2400,2
"276",20011304,4,2001,1,"ABQ",10140,1014001,30140,"US","35","NM","New Mexico",86,1,1,1,0.0912,"AA",2,219,0,2400,5,2400,2
"277",20011305,4,2001,1,"ABQ",10140,1014001,30140,"US","35","NM","New Mexico",86,1,1,1,0.092,"AA",1,221,0,2400,5,2400,2
"278",20011306,4,2001,1,"ABQ",10140,1014001,30140,"US","35","NM","New Mexico",86,1,1,1,0.1004,"AA",2,241,0,2400,5,2400,2
"279",20011307,4,2001,1,"ABQ",10140,1014001,30140,"US","35","NM","New Mexico",86,1,1,1,0.1037,"AA",1,249,0,2400,5,2400,2
"280",20011308,4,2001,1,"ABQ",10140,1014001,30140,"US","35","NM","New Mexico",86,1,1,1,0.1429,"AA",1,343,0,2400,5,2400,2
"281",20011309,4,2001,1,"ABQ",10140,1014001,30140,"US","35","NM","New Mexico",86,1,1,1,0.1504,"AA",1,361,0,2400,5,2400,2
"282",20011310,4,2001,1,"ABQ",10140,1014001,30140,"US","35","NM","New Mexico",86,1,0,1,0.3625,"AA",1,943,0,2601,6,2601,2
"283",20011311,3,2001,1,"ABQ",10140,1014001,30140,"US","35","NM","New Mexico",86,0,1,1,0.413,"AA",1,1238,0,2997,6,2997,2
"284",20011312,5,2001,1,"ABQ",10140,1014001,30140,"US","35","NM","New Mexico",86,1,0,1,0,"AA",1,0,0,2688,6,2217,2
"285",20011313,2,2001,1,"ABQ",10140,1014001,30140,"US","35","NM","New Mexico",86,0,1,1,0.3359,"AA",1,716,0,2131,5,2131,2
"286",20011314,2,2001,1,"ABQ",10140,1014001,30140,"US","35","NM","New Mexico",86,0,1,1,0,"AA",1,0,0,2131,5,2131,2
"287",20011315,2,2001,1,"ABQ",10140,1014001,30140,"US","35","NM","New Mexico",86,0,1,1,0.0455,"AA",1,97,0,2131,5,2131,2
"288",20011316,2,2001,1,"ABQ",10140,1014001,30140,"US","35","NM","New Mexico",86,0,1,1,0.258,"AA",1,550,0,2131,5,2131,2
"289",20011317,2,2001,1,"ABQ",10140,1014001,30140,"US","35","NM","New Mexico",86,0,1,1,0.3106,"AA",1,662,0,2131,5,2131,2
"290",20011318,2,2001,1,"ABQ",10140,1014001,30140,"US","35","NM","New Mexico",86,0,1,1,0.4476,"AA",1,954,0,2131,5,2131,2
"291",20011319,2,2001,1,"ABQ",10140,1014001,30140,"US","35","NM","New Mexico",86,0,1,1,0.2918,"AA",1,622,0,2131,5,2131,2
"292",20011320,3,2001,1,"ABQ",10140,1014001,30140,"US","35","NM","New Mexico",86,1,1,1,0.0438,"AA",1,180,0,4105,9,4105,2
"293",20011321,3,2001,1,"ABQ",10140,1014001,30140,"US","35","NM","New Mexico",86,1,1,1,0.0674,"AA",1,277,0,4105,9,4105,2
"294",20011322,3,2001,1,"ABQ",10140,1014001,30140,"US","35","NM","New Mexico",86,1,1,1,0.0677,"AA",1,278,0,4105,9,4105,2
"295",20011323,3,2001,1,"ABQ",10140,1014001,30140,"US","35","NM","New Mexico",86,1,1,1,0.0896,"AA",1,368,0,4105,9,4105,2
"296",20011324,3,2001,1,"ABQ",10140,1014001,30140,"US","35","NM","New Mexico",86,1,1,1,0.1237,"AA",2,508,0,4105,9,4105,2
"297",20011325,5,2001,1,"ABQ",10140,1014001,30140,"US","35","NM","New Mexico",86,1,0,1,0.2117,"AA",1,788,0,4284,9,3721,2
"298",20011326,4,2001,1,"ABQ",10140,1014001,30140,"US","35","NM","New Mexico",86,1,1,1,0,"AA",2,0,0,4262,9,4262,2
"299",20011327,4,2001,1,"ABQ",10140,1014001,30140,"US","35","NM","New Mexico",86,1,1,1,0.0701,"AA",1,299,0,4262,9,4262,2
"300",20011328,4,2001,1,"ABQ",10140,1014001,30140,"US","35","NM","New Mexico",86,1,1,1,0.0725,"AA",1,309,0,4262,9,4262,2
"301",20011329,4,2001,1,"ABQ",10140,1014001,30140,"US","35","NM","New Mexico",86,1,1,1,0.0753,"AA",4,321,0,4262,9,4262,2
"302",20011330,4,2001,1,"ABQ",10140,1014001,30140,"US","35","NM","New Mexico",86,1,1,1,0.0788,"AA",1,336,0,4262,9,4262,2
"303",20011331,4,2001,1,"ABQ",10140,1014001,30140,"US","35","NM","New Mexico",86,1,1,1,0.0847,"AA",1,361,0,4262,9,4262,2
"304",20011332,4,2001,1,"ABQ",10140,1014001,30140,"US","35","NM","New Mexico",86,1,1,1,0.1065,"AA",1,454,0,4262,9,4262,2
"305",20011333,4,2001,1,"ABQ",10140,1014001,30140,"US","35","NM","New Mexico",86,1,1,1,0.1093,"AA",1,466,0,4262,9,4262,2
"306",20011334,4,2001,1,"ABQ",10140,1014001,30140,"US","35","NM","New Mexico",86,1,1,1,0.3003,"AA",1,1280,0,4262,9,4262,2
"307",20011335,4,2001,1,"ABQ",10140,1014001,30140,"US","35","NM","New Mexico",86,1,1,1,0.079,"AA",1,337,0,4262,9,4262,2
"308",20011336,4,2001,1,"ABQ",10140,1014001,30140,"US","35","NM","New Mexico",86,1,1,1,0.412,"AA",1,1756,0,4262,9,4262,2
"309",20011337,6,2001,1,"ABQ",10140,1014001,30140,"US","35","NM","New Mexico",86,1,0,1,0.0961,"AA",1,439,0,4568,10,4568,2
"310",20011338,5,2001,1,"ABQ",10140,1014001,30140,"US","35","NM","New Mexico",86,1,0,1,0.0931,"AA",1,381,0,4274,9,4089,2
"311",20011340,5,2001,1,"ABQ",10140,1014001,30140,"US","35","NM","New Mexico",86,1,0,1,0.0846,"AA",1,296,0,4358,9,3497,2
"312",20011341,4,2001,1,"ABQ",10140,1014001,30140,"US","35","NM","New Mexico",86,1,1,1,0.1103,"AA",1,454,0,4116,9,4116,2
"313",20011350,4,2001,1,"ABQ",10140,1014001,30140,"US","35","NM","New Mexico",86,1,0,1,0.1339,"AA",1,255,0,1904,4,1904,2
"314",20011351,4,2001,1,"ABQ",10140,1014001,30140,"US","35","NM","New Mexico",86,1,0,1,0.1475,"AA",1,281,0,1904,4,1904,2
"315",20011352,4,2001,1,"ABQ",10140,1014001,30140,"US","35","NM","New Mexico",86,1,0,1,0.2043,"AA",1,389,0,1904,4,1904,2
"316",20011353,4,2001,1,"ABQ",10140,1014001,30140,"US","35","NM","New Mexico",86,0,0,1,0.5207,"AA",1,1029,0,1976,4,1976,2
"317",20011354,2,2001,1,"ABQ",10140,1014001,30140,"US","35","NM","New Mexico",86,0,1,1,0.1847,"AA",3,330,0,1786,4,1786,2
"318",20011355,2,2001,1,"ABQ",10140,1014001,30140,"US","35","NM","New Mexico",86,0,1,1,0.3034,"AA",1,542,0,1786,4,1786,2
"319",20011356,7,2001,1,"ABQ",10140,1014001,30140,"US","35","NM","New Mexico",86,1,0,1,0,"AA",1,0,0,3988,8,3988,2
"320",20011357,5,2001,1,"ABQ",10140,1014001,30140,"US","35","NM","New Mexico",86,1,0,1,0.1496,"AA",1,526,0,3546,8,3516,2
"321",20011358,5,2001,1,"ABQ",10140,1014001,30140,"US","35","NM","New Mexico",86,1,0,1,0.2053,"AA",1,722,0,3546,8,3516,2
"322",20011359,4,2001,1,"ABQ",10140,1014001,30140,"US","35","NM","New Mexico",86,1,1,1,0.0461,"AA",1,165,0,3572,8,3572,2
"323",20011360,4,2001,1,"ABQ",10140,1014001,30140,"US","35","NM","New Mexico",86,1,1,1,0.0585,"AA",1,209,0,3572,8,3572,2
"324",20011361,4,2001,1,"ABQ",10140,1014001,30140,"US","35","NM","New Mexico",86,1,1,1,0.059,"AA",1,211,0,3572,8,3572,2
"325",20011362,4,2001,1,"ABQ",10140,1014001,30140,"US","35","NM","New Mexico",86,1,1,1,0.0618,"AA",3,221,0,3572,8,3572,2
"326",20011363,4,2001,1,"ABQ",10140,1014001,30140,"US","35","NM","New Mexico",86,1,1,1,0.0643,"AA",1,230,0,3572,8,3572,2
"327",20011364,4,2001,1,"ABQ",10140,1014001,30140,"US","35","NM","New Mexico",86,1,1,1,0.2304,"AA",1,823,0,3572,8,3572,2
"328",20011365,4,2001,1,"ABQ",10140,1014001,30140,"US","35","NM","New Mexico",86,1,1,1,0.1721,"AA",1,615,0,3572,8,3572,2
"329",20011366,5,2001,1,"ABQ",10140,1014001,30140,"US","35","NM","New Mexico",86,1,0,1,0.0992,"AA",1,370,0,3896,8,3727,2
"330",20011367,5,2001,1,"ABQ",10140,1014001,30140,"US","35","NM","New Mexico",86,1,0,1,0.1392,"AA",1,465,0,4126,9,3339,2
"331",20011368,4,2001,1,"ABQ",10140,1014001,30140,"US","35","NM","New Mexico",86,1,1,1,0,"AA",1,0,0,3525,8,3525,2
"332",20011369,4,2001,1,"ABQ",10140,1014001,30140,"US","35","NM","New Mexico",86,1,1,1,0.0556,"AA",1,196,0,3525,8,3525,2
"333",20011370,4,2001,1,"ABQ",10140,1014001,30140,"US","35","NM","New Mexico",86,1,1,1,0.074,"AA",1,261,0,3525,8,3525,2
"334",20011371,4,2001,1,"ABQ",10140,1014001,30140,"US","35","NM","New Mexico",86,1,1,1,0.1143,"AA",1,403,0,3525,8,3525,2
"335",20011372,6,2001,1,"ABQ",10140,1014001,30140,"US","35","NM","New Mexico",86,1,0,1,0,"AA",1,0,0,3779,8,3779,2
"336",20011402,6,2001,1,"ABQ",10140,1014001,30140,"US","35","NM","New Mexico",86,1,0,1,0.2037,"AA",1,619,0,3038,7,3038,2
"337",20011403,2,2001,1,"ABQ",10140,1014001,30140,"US","35","NM","New Mexico",86,0,1,1,0.0584,"AA",1,93,0,1590,4,1590,2
"338",20011404,4,2001,1,"ABQ",10140,1014001,30140,"US","35","NM","New Mexico",86,1,1,1,0.1578,"AA",1,502,0,3180,7,3180,2
"339",20011405,4,2001,1,"ABQ",10140,1014001,30140,"US","35","NM","New Mexico",86,1,0,1,0.1098,"AA",1,161,0,1466,3,1466,2
"340",20011406,4,2001,1,"ABQ",10140,1014001,30140,"US","35","NM","New Mexico",86,1,0,1,0.1493,"AA",1,219,0,1466,3,1466,2
"341",20011407,4,2001,1,"ABQ",10140,1014001,30140,"US","35","NM","New Mexico",86,1,0,1,0.457,"AA",1,670,0,1466,3,1466,2
"342",20011408,4,2001,1,"ABQ",10140,1014001,30140,"US","35","NM","New Mexico",86,1,0,1,0.2401,"AA",1,352,0,1466,3,1466,2
"343",20011409,4,2001,1,"ABQ",10140,1014001,30140,"US","35","NM","New Mexico",86,1,1,1,0.5305,"AA",1,1598,0,3012,7,3012,2
"344",20011410,4,2001,1,"ABQ",10140,1014001,30140,"US","35","NM","New Mexico",86,1,1,1,0,"AA",1,0,0,3012,7,3012,2
"345",20011411,4,2001,1,"ABQ",10140,1014001,30140,"US","35","NM","New Mexico",86,1,1,1,0.059,"AA",1,178,0,3012,7,3012,2
"346",20011412,4,2001,1,"ABQ",10140,1014001,30140,"US","35","NM","New Mexico",86,1,1,1,0.1049,"AA",1,316,0,3012,7,3012,2
"347",20011413,4,2001,1,"ABQ",10140,1014001,30140,"US","35","NM","New Mexico",86,1,1,1,0.1122,"AA",2,338,0,3012,7,3012,2
"348",20011414,4,2001,1,"ABQ",10140,1014001,30140,"US","35","NM","New Mexico",86,1,1,1,0.1816,"AA",1,547,0,3012,7,3012,2
"349",20011415,4,2001,1,"ABQ",10140,1014001,30140,"US","35","NM","New Mexico",86,1,1,1,0.2891,"AA",1,871,0,3012,7,3012,2
"350",20011416,4,2001,1,"ABQ",10140,1014001,30140,"US","35","NM","New Mexico",86,1,1,1,0.5308,"AA",1,1599,0,3012,7,3012,2
"351",20011417,4,2001,1,"ABQ",10140,1014001,30140,"US","35","NM","New Mexico",86,0,1,1,0.0957,"AA",1,335,0,3498,7,3498,2
"352",20011418,4,2001,1,"ABQ",10140,1014001,30140,"US","35","NM","New Mexico",86,1,1,1,0.0838,"AA",1,251,0,2992,6,2992,2
"353",20011419,4,2001,1,"ABQ",10140,1014001,30140,"US","35","NM","New Mexico",86,1,0,1,0,"AA",1,0,0,2910,6,2910,2
"354",20011420,4,2001,1,"ABQ",10140,1014001,30140,"US","35","NM","New Mexico",86,1,0,1,0.3611,"AA",1,1051,0,2910,6,2910,2
"355",20011421,4,2001,1,"ABQ",10140,1014001,30140,"US","35","NM","New Mexico",86,1,0,1,0.1197,"AA",2,221,0,1846,4,1846,2
"356",20011422,4,2001,1,"ABQ",10140,1014001,30140,"US","35","NM","New Mexico",86,1,0,1,0.1305,"AA",1,241,0,1846,4,1846,2
"357",20011423,4,2001,1,"ABQ",10140,1014001,30140,"US","35","NM","New Mexico",86,1,0,1,0.1793,"AA",1,331,0,1846,4,1846,2
"358",20011424,4,2001,1,"ABQ",10140,1014001,30140,"US","35","NM","New Mexico",86,1,0,1,0.0872,"AA",1,161,0,1846,4,1846,2
"359",20011443,2,2001,1,"ABQ",10140,1014001,30140,"US","35","NM","New Mexico",86,0,1,1,0.1216,"AA",1,168,0,1381,3,1381,2
"360",20011444,4,2001,1,"ABQ",10140,1014001,30140,"US","35","NM","New Mexico",86,1,1,1,0.068,"AA",1,188,0,2762,6,2762,2
"361",20011445,4,2001,1,"ABQ",10140,1014001,30140,"US","35","NM","New Mexico",86,1,1,1,0.0716,"AA",1,198,0,2762,6,2762,2
"362",20011446,4,2001,1,"ABQ",10140,1014001,30140,"US","35","NM","New Mexico",86,1,1,1,0.1151,"AA",1,318,0,2762,6,2762,2
"363",20011447,4,2001,1,"ABQ",10140,1014001,30140,"US","35","NM","New Mexico",86,1,1,1,0.2972,"AA",1,821,0,2762,6,2762,2
"364",20011448,4,2001,1,"ABQ",10140,1014001,30140,"US","35","NM","New Mexico",86,1,0,1,0,"AA",1,0,0,2788,6,2788,2
"365",20011449,2,2001,1,"ABQ",10140,1014001,30140,"US","35","NM","New Mexico",86,0,1,1,0.0823,"AA",1,145,0,1761,4,1761,2
"366",20011450,2,2001,1,"ABQ",10140,1014001,30140,"US","35","NM","New Mexico",86,0,1,1,0.2004,"AA",1,353,0,1761,4,1761,2
"367",20011451,2,2001,1,"ABQ",10140,1014001,30140,"US","35","NM","New Mexico",86,0,1,1,0.7109,"AA",1,1252,0,1761,4,1761,2
"368",20011452,2,2001,1,"ABQ",10140,1014001,30140,"US","35","NM","New Mexico",86,0,1,1,0.4372,"AA",1,770,0,1761,4,1761,2
"369",20011453,3,2001,1,"ABQ",10140,1014001,30140,"US","35","NM","New Mexico",86,1,1,1,0.3647,"AA",1,1244,0,3411,7,3411,2
"370",20011454,3,2001,1,"ABQ",10140,1014001,30140,"US","35","NM","New Mexico",86,1,1,1,0.0844,"AA",1,288,0,3411,7,3411,2
"371",20011455,3,2001,1,"ABQ",10140,1014001,30140,"US","35","NM","New Mexico",86,1,1,1,0.0873,"AA",1,298,0,3411,7,3411,2
"372",20011456,3,2001,1,"ABQ",10140,1014001,30140,"US","35","NM","New Mexico",86,1,1,1,0.099,"AA",1,338,0,3411,7,3411,2
"373",20011457,3,2001,1,"ABQ",10140,1014001,30140,"US","35","NM","New Mexico",86,1,1,1,0.1043,"AA",1,356,0,3411,7,3411,2
"374",20011458,3,2001,1,"ABQ",10140,1014001,30140,"US","35","NM","New Mexico",86,1,1,1,0.1108,"AA",1,378,0,3411,7,3411,2
"375",20011459,3,2001,1,"ABQ",10140,1014001,30140,"US","35","NM","New Mexico",86,1,1,1,0.1216,"AA",1,415,0,3411,7,3411,2
"376",20011460,3,2001,1,"ABQ",10140,1014001,30140,"US","35","NM","New Mexico",86,1,1,1,0.1222,"AA",2,417,0,3411,7,3411,2
"377",20011461,3,2001,1,"ABQ",10140,1014001,30140,"US","35","NM","New Mexico",86,1,1,1,0.1228,"AA",3,419,0,3411,7,3411,2
"378",20011462,3,2001,1,"ABQ",10140,1014001,30140,"US","35","NM","New Mexico",86,1,1,1,0.1245,"AA",2,425,0,3411,7,3411,2
"379",20011463,3,2001,1,"ABQ",10140,1014001,30140,"US","35","NM","New Mexico",86,1,1,1,0.1351,"AA",1,461,0,3411,7,3411,2
"380",20011464,3,2001,1,"ABQ",10140,1014001,30140,"US","35","NM","New Mexico",86,1,1,1,0.2339,"AA",1,798,0,3411,7,3411,2
"381",20011465,3,2001,1,"ABQ",10140,1014001,30140,"US","35","NM","New Mexico",86,1,1,1,0.2574,"AA",1,878,0,3411,7,3411,2
"382",20011466,3,2001,1,"ABQ",10140,1014001,30140,"US","35","NM","New Mexico",86,1,1,1,0.1418,"AA",1,484,0,3411,7,3411,2
"383",20011467,3,2001,1,"ABQ",10140,1014001,30140,"US","35","NM","New Mexico",86,1,1,1,0.2574,"AA",1,878,0,3411,7,3411,2
"384",20011468,3,2001,1,"ABQ",10140,1014001,30140,"US","35","NM","New Mexico",86,1,1,1,0.1673,"AA",4,571,0,3411,7,3411,2
"385",20011469,3,2001,1,"ABQ",10140,1014001,30140,"US","35","NM","New Mexico",86,1,1,1,0.1858,"AA",1,634,0,3411,7,3411,2
"386",20011470,3,2001,1,"ABQ",10140,1014001,30140,"US","35","NM","New Mexico",86,1,1,1,0.2421,"AA",3,826,0,3411,7,3411,2
"387",20011471,3,2001,1,"ABQ",10140,1014001,30140,"US","35","NM","New Mexico",86,1,0,1,0.1518,"AA",1,518,0,3411,7,3411,2
"388",20011472,5,2001,1,"ABQ",10140,1014001,30140,"US","35","NM","New Mexico",86,1,0,1,0.0879,"AA",1,312,0,3577,8,3547,2
"389",20011473,4,2001,1,"ABQ",10140,1014001,30140,"US","35","NM","New Mexico",86,1,1,1,0.4372,"AA",1,1540,0,3522,8,3522,2
"390",20011474,4,2001,1,"ABQ",10140,1014001,30140,"US","35","NM","New Mexico",86,1,1,1,0,"AA",2,0,0,3522,8,3522,2
"391",20011475,4,2001,1,"ABQ",10140,1014001,30140,"US","35","NM","New Mexico",86,1,1,1,0.0627,"AA",2,221,0,3522,8,3522,2
"392",20011476,4,2001,1,"ABQ",10140,1014001,30140,"US","35","NM","New Mexico",86,1,1,1,0.0706,"AA",1,249,0,3522,8,3522,2
"393",20011477,4,2001,1,"ABQ",10140,1014001,30140,"US","35","NM","New Mexico",86,1,1,1,0.0741,"AA",1,261,0,3522,8,3522,2
"394",20011478,4,2001,1,"ABQ",10140,1014001,30140,"US","35","NM","New Mexico",86,1,1,1,0.0954,"AA",2,336,0,3522,8,3522,2
"395",20011479,4,2001,1,"ABQ",10140,1014001,30140,"US","35","NM","New Mexico",86,1,1,1,0.1056,"AA",1,372,0,3522,8,3522,2
"396",20011480,4,2001,1,"ABQ",10140,1014001,30140,"US","35","NM","New Mexico",86,1,1,1,0.1101,"AA",1,388,0,3522,8,3522,2
"397",20011481,4,2001,1,"ABQ",10140,1014001,30140,"US","35","NM","New Mexico",86,1,1,1,0.111,"AA",1,391,0,3522,8,3522,2
"398",20011482,4,2001,1,"ABQ",10140,1014001,30140,"US","35","NM","New Mexico",86,1,1,1,0.1113,"AA",1,392,0,3522,8,3522,2
"399",20011483,4,2001,1,"ABQ",10140,1014001,30140,"US","35","NM","New Mexico",86,1,1,1,0.1135,"AA",1,400,0,3522,8,3522,2
"400",20011484,4,2001,1,"ABQ",10140,1014001,30140,"US","35","NM","New Mexico",86,1,1,1,0.1192,"AA",2,420,0,3522,8,3522,2
"401",20011485,4,2001,1,"ABQ",10140,1014001,30140,"US","35","NM","New Mexico",86,1,1,1,0.1215,"AA",6,428,0,3522,8,3522,2
"402",20011486,4,2001,1,"ABQ",10140,1014001,30140,"US","35","NM","New Mexico",86,1,1,1,0.1232,"AA",1,434,0,3522,8,3522,2
"403",20011487,4,2001,1,"ABQ",10140,1014001,30140,"US","35","NM","New Mexico",86,1,1,1,0.1337,"AA",1,471,0,3522,8,3522,2
"404",20011488,4,2001,1,"ABQ",10140,1014001,30140,"US","35","NM","New Mexico",86,1,1,1,0.1785,"AA",1,629,0,3522,8,3522,2
"405",20011489,4,2001,1,"ABQ",10140,1014001,30140,"US","35","NM","New Mexico",86,1,1,1,0.291,"AA",1,1025,0,3522,8,3522,2
"406",20011490,4,2001,1,"ABQ",10140,1014001,30140,"US","35","NM","New Mexico",86,1,1,1,0.2265,"AA",1,798,0,3522,8,3522,2
"407",20011491,4,2001,1,"ABQ",10140,1014001,30140,"US","35","NM","New Mexico",86,1,1,1,0.1783,"AA",1,628,0,3522,8,3522,2
"408",20011492,4,2001,1,"ABQ",10140,1014001,30140,"US","35","NM","New Mexico",86,1,1,1,0.1621,"AA",1,571,0,3522,8,3522,2
"409",20011493,4,2001,1,"ABQ",10140,1014001,30140,"US","35","NM","New Mexico",86,1,1,1,0.17,"AA",1,599,0,3522,8,3522,2
"410",20011494,4,2001,1,"ABQ",10140,1014001,30140,"US","35","NM","New Mexico",86,1,1,1,0.2353,"AA",3,829,0,3522,8,3522,2
"411",20011495,4,2001,1,"ABQ",10140,1014001,30140,"US","35","NM","New Mexico",86,1,0,1,0.1652,"AA",1,582,0,3522,8,3522,2
"412",20011496,4,2001,1,"ABQ",10140,1014001,30140,"US","35","NM","New Mexico",86,1,0,1,0.1479,"AA",1,521,0,3522,8,3522,2
"413",20011497,4,2001,1,"ABQ",10140,1014001,30140,"US","35","NM","New Mexico",86,0,1,1,0.3912,"AA",1,1371,0,3504,8,3504,2
"414",20011498,5,2001,1,"ABQ",10140,1014001,30140,"US","35","NM","New Mexico",86,1,0,1,0.0999,"AA",1,361,0,3826,8,3612,2
"415",20011499,4,2001,1,"ABQ",10140,1014001,30140,"US","35","NM","New Mexico",86,1,1,1,0.4411,"AA",1,1540,0,3491,7,3491,2
"416",20011500,4,2001,1,"ABQ",10140,1014001,30140,"US","35","NM","New Mexico",86,1,1,1,0.2145,"AA",1,749,0,3491,7,3491,2
"417",20011501,2,2001,1,"ABQ",10140,1014001,30140,"US","35","NM","New Mexico",86,0,1,1,0.7471,"AA",1,904,0,1210,3,1210,2
"418",20011502,3,2001,1,"ABQ",10140,1014001,30140,"US","35","NM","New Mexico",86,1,1,1,0.2655,"AA",1,538,0,2026,5,2026,2
"419",20011503,4,2001,1,"ABQ",10140,1014001,30140,"US","35","NM","New Mexico",86,1,1,1,0.0758,"AA",1,181,0,2386,5,2386,2
"420",20011504,4,2001,1,"ABQ",10140,1014001,30140,"US","35","NM","New Mexico",86,1,1,1,0.1177,"AA",1,281,0,2386,5,2386,2
"421",20011505,2,2001,1,"ABQ",10140,1014001,30140,"US","35","NM","New Mexico",86,0,1,1,0.1163,"AA",1,181,0,1556,4,1556,2
"422",20011506,2,2001,1,"ABQ",10140,1014001,30140,"US","35","NM","New Mexico",86,0,1,1,0.4556,"AA",1,709,0,1556,4,1556,2
"423",20011507,4,2001,1,"ABQ",10140,1014001,30140,"US","35","NM","New Mexico",86,1,1,1,0,"AA",1,0,0,3112,7,3112,2
"424",20011508,4,2001,1,"ABQ",10140,1014001,30140,"US","35","NM","New Mexico",86,1,1,1,0.0613,"AA",1,191,0,3112,7,3112,2
"425",20011509,4,2001,1,"ABQ",10140,1014001,30140,"US","35","NM","New Mexico",86,1,1,1,0.0716,"AA",1,223,0,3112,7,3112,2
"426",20011510,4,2001,1,"ABQ",10140,1014001,30140,"US","35","NM","New Mexico",86,1,1,1,0.0774,"AA",1,241,0,3112,7,3112,2
"427",20011511,4,2001,1,"ABQ",10140,1014001,30140,"US","35","NM","New Mexico",86,1,1,1,0.096,"AA",1,299,0,3112,7,3112,2
"428",20011512,4,2001,1,"ABQ",10140,1014001,30140,"US","35","NM","New Mexico",86,1,1,1,0.0967,"AA",1,301,0,3112,7,3112,2
"429",20011513,4,2001,1,"ABQ",10140,1014001,30140,"US","35","NM","New Mexico",86,1,1,1,0.3518,"AA",1,1095,0,3112,7,3112,2
"430",20011514,4,2001,1,"ABQ",10140,1014001,30140,"US","35","NM","New Mexico",86,1,1,1,0.1844,"AA",3,574,0,3112,7,3112,2
"431",20011515,4,2001,1,"ABQ",10140,1014001,30140,"US","35","NM","New Mexico",86,1,1,1,0.1857,"AA",1,578,0,3112,7,3112,2
"432",20011516,5,2001,1,"ABQ",10140,1014001,30140,"US","35","NM","New Mexico",86,1,0,1,0.6235,"AA",1,1479,0,3465,7,2372,2
"433",20011517,2,2001,1,"ABQ",10140,1014001,30140,"US","35","NM","New Mexico",86,0,1,1,0.1205,"AA",1,135,0,1120,3,1120,2
"434",20011518,2,2001,1,"ABQ",10140,1014001,30140,"US","35","NM","New Mexico",86,0,1,1,0.1633,"AA",1,183,0,1120,3,1120,2
"435",20011519,2,2001,1,"ABQ",10140,1014001,30140,"US","35","NM","New Mexico",86,0,1,1,0.5033,"AA",1,977,0,1941,4,1941,2
"436",20011520,3,2001,1,"ABQ",10140,1014001,30140,"US","35","NM","New Mexico",86,1,1,1,0,"AA",1,0,0,3746,8,3746,2
"437",20011521,5,2001,1,"ABQ",10140,1014001,30140,"US","35","NM","New Mexico",86,1,0,1,0,"AA",1,0,0,3975,8,3447,2
"438",20011522,4,2001,1,"ABQ",10140,1014001,30140,"US","35","NM","New Mexico",86,1,1,1,0,"AA",2,0,0,3882,8,3882,2
"439",20011523,4,2001,1,"ABQ",10140,1014001,30140,"US","35","NM","New Mexico",86,1,1,1,0.044,"AA",1,171,0,3882,8,3882,2
"440",20011524,4,2001,1,"ABQ",10140,1014001,30140,"US","35","NM","New Mexico",86,1,1,1,0.0448,"AA",1,174,0,3882,8,3882,2
"441",20011525,4,2001,1,"ABQ",10140,1014001,30140,"US","35","NM","New Mexico",86,1,1,1,0.062,"AA",1,241,0,3882,8,3882,2
"442",20011526,4,2001,1,"ABQ",10140,1014001,30140,"US","35","NM","New Mexico",86,1,1,1,0.0824,"AA",1,320,0,3882,8,3882,2
"443",20011527,4,2001,1,"ABQ",10140,1014001,30140,"US","35","NM","New Mexico",86,1,1,1,0.0839,"AA",1,326,0,3882,8,3882,2
"444",20011528,4,2001,1,"ABQ",10140,1014001,30140,"US","35","NM","New Mexico",86,1,1,1,0.0888,"AA",1,345,0,3882,8,3882,2
"445",20011529,4,2001,1,"ABQ",10140,1014001,30140,"US","35","NM","New Mexico",86,1,1,1,0.0929,"AA",2,361,0,3882,8,3882,2
"446",20011530,4,2001,1,"ABQ",10140,1014001,30140,"US","35","NM","New Mexico",86,1,1,1,0.0994,"AA",1,386,0,3882,8,3882,2
"447",20011531,4,2001,1,"ABQ",10140,1014001,30140,"US","35","NM","New Mexico",86,1,1,1,0.1017,"AA",3,395,0,3882,8,3882,2
"448",20011532,4,2001,1,"ABQ",10140,1014001,30140,"US","35","NM","New Mexico",86,1,1,1,0.1025,"AA",1,398,0,3882,8,3882,2
"449",20011533,4,2001,1,"ABQ",10140,1014001,30140,"US","35","NM","New Mexico",86,1,1,1,0.1115,"AA",1,433,0,3882,8,3882,2
"450",20011534,4,2001,1,"ABQ",10140,1014001,30140,"US","35","NM","New Mexico",86,1,1,1,0.112,"AA",1,435,0,3882,8,3882,2
"451",20011535,4,2001,1,"ABQ",10140,1014001,30140,"US","35","NM","New Mexico",86,1,1,1,0.1133,"AA",1,440,0,3882,8,3882,2
"452",20011536,4,2001,1,"ABQ",10140,1014001,30140,"US","35","NM","New Mexico",86,1,1,1,0.1295,"AA",1,503,0,3882,8,3882,2
"453",20011537,4,2001,1,"ABQ",10140,1014001,30140,"US","35","NM","New Mexico",86,1,1,1,0.0868,"AA",1,337,0,3882,8,3882,2
"454",20011538,5,2001,1,"ABQ",10140,1014001,30140,"US","35","NM","New Mexico",86,1,0,1,0.0618,"AA",1,241,0,3916,8,3899,2
"455",20011539,7,2001,1,"ABQ",10140,1014001,30140,"US","35","NM","New Mexico",86,1,0,1,0.1232,"AA",1,591,0,4812,10,4795,2
"456",20011544,4,2001,1,"ABQ",10140,1014001,30140,"US","35","NM","New Mexico",86,1,1,1,0,"AA",1,0,0,3778,8,3778,2
"457",20011554,2,2001,1,"ABQ",10140,1014001,30140,"US","35","NM","New Mexico",86,0,1,1,0.1481,"AA",3,250,0,1688,4,1688,2
"458",20011555,2,2001,1,"ABQ",10140,1014001,30140,"US","35","NM","New Mexico",86,0,1,1,0.1706,"AA",1,288,0,1688,4,1688,2
"459",20011556,4,2001,1,"ABQ",10140,1014001,30140,"US","35","NM","New Mexico",86,1,1,1,0,"AA",2,0,0,3376,7,3376,2
"460",20011557,4,2001,1,"ABQ",10140,1014001,30140,"US","35","NM","New Mexico",86,1,1,1,0.0035,"AA",1,12,0,3376,7,3376,2
"461",20011558,4,2001,1,"ABQ",10140,1014001,30140,"US","35","NM","New Mexico",86,1,1,1,0.0488,"AA",1,165,0,3376,7,3376,2
"462",20011559,4,2001,1,"ABQ",10140,1014001,30140,"US","35","NM","New Mexico",86,1,1,1,0.0521,"AA",1,176,0,3376,7,3376,2
"463",20011560,4,2001,1,"ABQ",10140,1014001,30140,"US","35","NM","New Mexico",86,1,1,1,0.0536,"AA",7,181,0,3376,7,3376,2
"464",20011561,4,2001,1,"ABQ",10140,1014001,30140,"US","35","NM","New Mexico",86,1,1,1,0.0571,"AA",1,193,0,3376,7,3376,2
"465",20011562,4,2001,1,"ABQ",10140,1014001,30140,"US","35","NM","New Mexico",86,1,1,1,0.063,"AA",2,213,0,3376,7,3376,2
"466",20011563,4,2001,1,"ABQ",10140,1014001,30140,"US","35","NM","New Mexico",86,1,1,1,0.0654,"AA",6,221,0,3376,7,3376,2
"467",20011564,4,2001,1,"ABQ",10140,1014001,30140,"US","35","NM","New Mexico",86,1,1,1,0.0684,"AA",3,231,0,3376,7,3376,2
"468",20011565,4,2001,1,"ABQ",10140,1014001,30140,"US","35","NM","New Mexico",86,1,1,1,0.0704,"AA",1,238,0,3376,7,3376,2
"469",20011566,4,2001,1,"ABQ",10140,1014001,30140,"US","35","NM","New Mexico",86,1,1,1,0.0713,"AA",1,241,0,3376,7,3376,2
"470",20011567,4,2001,1,"ABQ",10140,1014001,30140,"US","35","NM","New Mexico",86,1,1,1,0.0779,"AA",1,263,0,3376,7,3376,2
"471",20011568,4,2001,1,"ABQ",10140,1014001,30140,"US","35","NM","New Mexico",86,1,1,1,0.0808,"AA",1,273,0,3376,7,3376,2
"472",20011569,4,2001,1,"ABQ",10140,1014001,30140,"US","35","NM","New Mexico",86,1,1,1,0.085,"AA",1,287,0,3376,7,3376,2
"473",20011570,4,2001,1,"ABQ",10140,1014001,30140,"US","35","NM","New Mexico",86,1,1,1,0.1021,"AA",1,345,0,3376,7,3376,2
"474",20011571,4,2001,1,"ABQ",10140,1014001,30140,"US","35","NM","New Mexico",86,1,1,1,0.106,"AA",1,358,0,3376,7,3376,2
"475",20011572,4,2001,1,"ABQ",10140,1014001,30140,"US","35","NM","New Mexico",86,1,1,1,0.1069,"AA",1,361,0,3376,7,3376,2
"476",20011573,4,2001,1,"ABQ",10140,1014001,30140,"US","35","NM","New Mexico",86,1,1,1,0.1098,"AA",1,371,0,3376,7,3376,2
"477",20011574,4,2001,1,"ABQ",10140,1014001,30140,"US","35","NM","New Mexico",86,1,1,1,0.1149,"AA",2,388,0,3376,7,3376,2
"478",20011575,4,2001,1,"ABQ",10140,1014001,30140,"US","35","NM","New Mexico",86,1,1,1,0.1217,"AA",1,411,0,3376,7,3376,2
"479",20011576,4,2001,1,"ABQ",10140,1014001,30140,"US","35","NM","New Mexico",86,1,1,1,0.1377,"AA",1,465,0,3376,7,3376,2
"480",20011577,4,2001,1,"ABQ",10140,1014001,30140,"US","35","NM","New Mexico",86,1,1,1,0.1401,"AA",1,473,0,3376,7,3376,2
"481",20011578,4,2001,1,"ABQ",10140,1014001,30140,"US","35","NM","New Mexico",86,1,1,1,0.143,"AA",1,483,0,3376,7,3376,2
"482",20011579,4,2001,1,"ABQ",10140,1014001,30140,"US","35","NM","New Mexico",86,1,1,1,0.1466,"AA",1,495,0,3376,7,3376,2
"483",20011580,4,2001,1,"ABQ",10140,1014001,30140,"US","35","NM","New Mexico",86,1,1,1,0.1489,"AA",1,503,0,3376,7,3376,2
"484",20011581,4,2001,1,"ABQ",10140,1014001,30140,"US","35","NM","New Mexico",86,1,1,1,0,"AA",2,0,0,3376,7,3376,2
"485",20011582,4,2001,1,"ABQ",10140,1014001,30140,"US","35","NM","New Mexico",86,1,1,1,0.0675,"AA",1,228,0,3376,7,3376,2
"486",20011583,5,2001,1,"ABQ",10140,1014001,30140,"US","35","NM","New Mexico",86,1,0,1,0.1339,"AA",1,434,0,3419,7,3241,2
"487",20011586,8,2001,1,"ABQ",10140,1014001,30140,"US","35","NM","New Mexico",86,1,0,1,0.1125,"AA",1,631,0,5604,12,5604,1
"488",20011601,2,2001,1,"ABQ",10140,1014001,30140,"US","35","NM","New Mexico",86,0,0,1,0.5339,"AA",1,425,0,796,2,796,2
"489",20011602,4,2001,1,"ABQ",10140,1014001,30140,"US","35","NM","New Mexico",86,1,0,1,0.1074,"AA",1,171,0,1592,4,1592,2
"490",20011603,4,2001,1,"ABQ",10140,1014001,30140,"US","35","NM","New Mexico",86,1,0,1,0.2091,"AA",1,333,0,1592,4,1592,2
"491",20011604,4,2001,1,"ABQ",10140,1014001,30140,"US","35","NM","New Mexico",86,1,0,1,0.3354,"AA",1,534,0,1592,4,1592,2
"492",20011605,4,2001,1,"ABQ",10140,1014001,30140,"US","35","NM","New Mexico",86,1,0,1,0.3793,"AA",1,604,0,1592,4,1592,2
"493",20011606,4,2001,1,"ABQ",10140,1014001,30140,"US","35","NM","New Mexico",86,1,0,1,0.4629,"AA",1,737,0,1592,4,1592,2
"494",20011607,2,2001,1,"ABQ",10140,1014001,30140,"US","35","NM","New Mexico",86,0,0,1,0.528,"AA",1,754,0,1428,3,1428,2
"495",20011612,4,2001,1,"ABQ",10140,1014001,30140,"US","35","NM","New Mexico",86,1,0,1,0.1516,"AA",1,215,0,1418,3,1418,2
"496",20011613,4,2001,1,"ABQ",10140,1014001,30140,"US","35","NM","New Mexico",86,1,0,1,0.2496,"AA",1,354,0,1418,3,1418,2
"497",20011614,4,2001,1,"ABQ",10140,1014001,30140,"US","35","NM","New Mexico",86,1,0,1,0.1449,"AA",1,435,0,3000,7,3000,2
"498",20011615,4,2001,1,"ABQ",10140,1014001,30140,"US","35","NM","New Mexico",86,1,0,1,0.5549,"AA",1,1665,0,3000,7,3000,2
"499",20011620,2,2001,1,"ABQ",10140,1014001,30140,"US","35","NM","New Mexico",86,0,1,1,0.2704,"AA",1,424,0,1568,4,1568,2
"500",20011621,4,2001,1,"ABQ",10140,1014001,30140,"US","35","NM","New Mexico",86,1,1,1,0.066,"AA",1,207,0,3136,7,3136,2
"501",20011622,4,2001,1,"ABQ",10140,1014001,30140,"US","35","NM","New Mexico",86,1,1,1,0.1077,"AA",1,338,0,3136,7,3136,2
"502",20011623,4,2001,1,"ABQ",10140,1014001,30140,"US","35","NM","New Mexico",86,1,1,1,0.2324,"AA",2,729,0,3136,7,3136,2
"503",20011624,4,2001,1,"ABQ",10140,1014001,30140,"US","35","NM","New Mexico",86,1,0,1,0.0901,"AA",1,258,0,2862,6,2862,2
"504",20011625,4,2001,1,"ABQ",10140,1014001,30140,"US","35","NM","New Mexico",86,1,0,1,0.118,"AA",1,338,0,2862,6,2862,2
"505",20011626,4,2001,1,"ABQ",10140,1014001,30140,"US","35","NM","New Mexico",86,1,0,1,0.2271,"AA",1,650,0,2862,6,2862,2
"506",20011627,4,2001,1,"ABQ",10140,1014001,30140,"US","35","NM","New Mexico",86,1,0,1,0.3508,"AA",1,1004,0,2862,6,2862,2
"507",20011628,4,2001,1,"ABQ",10140,1014001,30140,"US","35","NM","New Mexico",86,1,0,1,0.0691,"AA",1,198,0,2862,6,2862,2
"508",20011631,2,2001,1,"ABQ",10140,1014001,30140,"US","35","NM","New Mexico",86,0,1,1,0.0771,"AA",1,336,0,4353,9,4353,1
"509",20011632,2,2001,1,"ABQ",10140,1014001,30140,"US","35","NM","New Mexico",86,0,1,1,0.0939,"AA",1,409,0,4353,9,4353,1
"510",20011633,4,2001,1,"ABQ",10140,1014001,30140,"US","35","NM","New Mexico",86,1,1,1,0,"AA",5,0,0,8706,18,8706,1
"511",20011634,4,2001,1,"ABQ",10140,1014001,30140,"US","35","NM","New Mexico",86,1,1,1,0.0606,"AA",3,528,0,8706,18,8706,1
"512",20011635,4,2001,1,"ABQ",10140,1014001,30140,"US","35","NM","New Mexico",86,1,1,1,0.077,"AA",1,671,0,8706,18,8706,1
"513",20011636,4,2001,1,"ABQ",10140,1014001,30140,"US","35","NM","New Mexico",86,1,1,1,0.0901,"AA",1,785,0,8706,18,8706,1
"514",20011637,4,2001,1,"ABQ",10140,1014001,30140,"US","35","NM","New Mexico",86,1,1,1,0.0952,"AA",1,829,0,8706,18,8706,1
"515",20011638,4,2001,1,"ABQ",10140,1014001,30140,"US","35","NM","New Mexico",86,1,1,1,0.0979,"AA",1,853,0,8706,18,8706,1
"516",20011639,4,2001,1,"ABQ",10140,1014001,30140,"US","35","NM","New Mexico",86,1,1,1,0.101,"AA",1,880,0,8706,18,8706,1
"517",20011640,4,2001,1,"ABQ",10140,1014001,30140,"US","35","NM","New Mexico",86,1,1,1,0.111,"AA",1,967,0,8706,18,8706,1
"518",20011641,6,2001,1,"ABQ",10140,1014001,30140,"US","35","NM","New Mexico",86,1,0,1,0,"AA",1,0,0,9138,19,9138,1
"519",20011642,6,2001,1,"ABQ",10140,1014001,30140,"US","35","NM","New Mexico",86,1,0,1,0.0641,"AA",1,580,0,9044,19,9044,1
"520",20011643,6,2001,1,"ABQ",10140,1014001,30140,"US","35","NM","New Mexico",86,1,0,1,0.1061,"AA",1,960,0,9044,19,9044,1
"521",20011644,6,2001,1,"ABQ",10140,1014001,30140,"US","35","NM","New Mexico",86,1,0,1,0.113,"AA",1,1022,0,9044,19,9044,1
"522",20011645,5,2001,1,"ABQ",10140,1014001,30140,"US","35","NM","New Mexico",86,1,1,1,0.07,"AA",1,610,0,8713,18,8713,1
"523",20011646,5,2001,1,"ABQ",10140,1014001,30140,"US","35","NM","New Mexico",86,1,1,1,0.0786,"AA",1,685,0,8713,18,8713,1
"524",20011647,5,2001,1,"ABQ",10140,1014001,30140,"US","35","NM","New Mexico",86,1,1,1,0.1713,"AA",1,1493,0,8713,18,8713,1
"525",20011648,6,2001,1,"ABQ",10140,1014001,30140,"US","35","NM","New Mexico",86,1,0,1,0,"AA",1,0,0,8758,18,8758,1
"526",20011649,6,2001,1,"ABQ",10140,1014001,30140,"US","35","NM","New Mexico",86,1,0,1,0.065,"AA",1,580,0,8910,18,8910,1
"527",20011650,6,2001,1,"ABQ",10140,1014001,30140,"US","35","NM","New Mexico",86,1,0,1,0.1235,"AA",1,1101,0,8910,18,8910,1
"528",20011651,6,2001,1,"ABQ",10140,1014001,30140,"US","35","NM","New Mexico",86,1,0,1,0,"AA",1,0,0,8910,18,8910,1
"529",20011652,7,2001,1,"ABQ",10140,1014001,30140,"US","35","NM","New Mexico",86,1,0,1,0.1095,"AA",1,977,0,8917,18,8917,1
"530",20011653,5,2001,1,"ABQ",10140,1014001,30140,"US","35","NM","New Mexico",86,1,1,1,0,"AA",1,0,0,8776,18,8776,1
"531",20011654,5,2001,1,"ABQ",10140,1014001,30140,"US","35","NM","New Mexico",86,1,1,1,0.0842,"AA",1,739,0,8776,18,8776,1
"532",20011655,4,2001,1,"ABQ",10140,1014001,30140,"US","35","NM","New Mexico",86,1,0,1,0.1213,"AA",1,198,0,1632,4,1632,2
"533",20011656,4,2001,1,"ABQ",10140,1014001,30140,"US","35","NM","New Mexico",86,1,0,1,0.1409,"AA",1,230,0,1632,4,1632,2
"534",20011657,4,2001,1,"ABQ",10140,1014001,30140,"US","35","NM","New Mexico",86,1,0,1,0.174,"AA",2,284,0,1632,4,1632,2
"535",20011658,4,2001,1,"ABQ",10140,1014001,30140,"US","35","NM","New Mexico",86,1,0,1,0,"AA",1,0,0,2060,5,2060,2
"536",20011659,4,2001,1,"ABQ",10140,1014001,30140,"US","35","NM","New Mexico",86,1,0,1,0.115,"AA",1,237,0,2060,5,2060,2
"537",20011660,4,2001,1,"ABQ",10140,1014001,30140,"US","35","NM","New Mexico",86,1,1,1,0.1356,"AA",1,318,0,2344,5,2344,2
"538",20011661,4,2001,1,"ABQ",10140,1014001,30140,"US","35","NM","New Mexico",86,1,1,1,0.1557,"AA",1,365,0,2344,5,2344,2
"539",20011662,4,2001,1,"ABQ",10140,1014001,30140,"US","35","NM","New Mexico",86,1,1,1,0.2043,"AA",1,479,0,2344,5,2344,2
"540",20011663,4,2001,1,"ABQ",10140,1014001,30140,"US","35","NM","New Mexico",86,1,1,1,0.2244,"AA",1,526,0,2344,5,2344,2
"541",20011664,4,2001,1,"ABQ",10140,1014001,30140,"US","35","NM","New Mexico",86,1,1,1,0.232,"AA",1,544,0,2344,5,2344,2
"542",20011665,4,2001,1,"ABQ",10140,1014001,30140,"US","35","NM","New Mexico",86,1,1,1,0.2593,"AA",1,608,0,2344,5,2344,2
"543",20011666,4,2001,1,"ABQ",10140,1014001,30140,"US","35","NM","New Mexico",86,1,1,1,0.2086,"AA",1,489,0,2344,5,2344,2
"544",20011667,4,2001,1,"ABQ",10140,1014001,30140,"US","35","NM","New Mexico",86,1,1,1,0.2798,"AA",1,656,0,2344,5,2344,2
"545",20011668,4,2001,1,"ABQ",10140,1014001,30140,"US","35","NM","New Mexico",86,0,1,1,0.4197,"AA",1,1014,0,2416,5,2416,2
"546",20011670,2,2001,1,"ABQ",10140,1014001,30140,"US","35","NM","New Mexico",86,0,1,1,0.0786,"AA",1,137,0,1741,4,1741,2
"547",20011671,2,2001,1,"ABQ",10140,1014001,30140,"US","35","NM","New Mexico",86,0,1,1,0.0993,"AA",1,173,0,1741,4,1741,2
"548",20011672,2,2001,1,"ABQ",10140,1014001,30140,"US","35","NM","New Mexico",86,0,1,1,0.2182,"AA",1,380,0,1741,4,1741,2
"549",20011673,5,2001,1,"ABQ",10140,1014001,30140,"US","35","NM","New Mexico",86,1,0,1,0.163,"AA",1,571,0,3526,8,3502,2
